{"texture":{"id":"ff9fb46c-ad68-46f6-9e87-7108e2080773","width":512,"height":1024},"sprites":{"allow_lateral_off.png":{"textureFrame":[19,809,10,16],"pivot":[5,8],"sourceSize":[10,16],"sourceOffset":[0,0]},"allow_lateral_on.png":{"textureFrame":[31,809,10,16],"pivot":[5,8],"sourceSize":[10,16],"sourceOffset":[0,0]},"arrow_left.png":{"textureFrame":[495,481,16,22],"pivot":[8,11],"sourceSize":[16,22],"sourceOffset":[0,0]},"arrow_right.png":{"textureFrame":[495,505,16,22],"pivot":[8,11],"sourceSize":[16,22],"sourceOffset":[0,0]},"arrow_Small_left.png":{"textureFrame":[497,217,14,20],"pivot":[7,10],"sourceSize":[14,20],"sourceOffset":[0,0]},"arrow_Small_right.png":{"textureFrame":[497,239,14,20],"pivot":[7,10],"sourceSize":[14,20],"sourceOffset":[0,0]},"btn_copyright.png":{"textureFrame":[1,998,24,24],"pivot":[12,12],"sourceSize":[24,24],"sourceOffset":[0,0]},"btn_dialog_off.png":{"textureFrame":[431,199,80,16],"pivot":[40,8],"sourceSize":[80,16],"sourceOffset":[0,0]},"btn_dialog_on.png":{"textureFrame":[417,353,88,24],"pivot":[44,12],"sourceSize":[88,24],"sourceOffset":[0,0]},"btn_display.png":{"textureFrame":[27,998,24,24],"pivot":[12,12],"sourceSize":[24,24],"sourceOffset":[0,0]},"btn_init_off.png":{"textureFrame":[267,391,144,24],"pivot":[72,12],"sourceSize":[144,24],"sourceOffset":[0,0]},"btn_init_on.png":{"textureFrame":[261,737,152,32],"pivot":[76,16],"sourceSize":[152,32],"sourceOffset":[0,0]},"btn_language.png":{"textureFrame":[53,998,24,24],"pivot":[12,12],"sourceSize":[24,24],"sourceOffset":[0,0]},"btn_menubar.png":{"textureFrame":[1,847,32,32],"pivot":[16,16],"sourceSize":[32,32],"sourceOffset":[0,0]},"btn_menubar_active.png":{"textureFrame":[35,847,32,32],"pivot":[16,16],"sourceSize":[32,32],"sourceOffset":[0,0]},"btn_option.png":{"textureFrame":[79,995,24,24],"pivot":[12,12],"sourceSize":[24,24],"sourceOffset":[0,0]},"caption.png":{"textureFrame":[259,809,48,22],"pivot":[24,11],"sourceSize":[48,22],"sourceOffset":[0,0]},"caption_arrow.png":{"textureFrame":[503,421,8,8],"pivot":[4,4],"sourceSize":[8,8],"sourceOffset":[0,0]},"caption_edge.png":{"textureFrame":[505,75,4,22],"pivot":[2,11],"sourceSize":[4,22],"sourceOffset":[0,0]},"caption_title.png":{"textureFrame":[1,325,348,22],"pivot":[174,11],"sourceSize":[348,22],"sourceOffset":[0,0]},"check_on.png":{"textureFrame":[67,809,20,14],"pivot":[10,7],"sourceSize":[20,14],"sourceOffset":[0,0]},"cmn_circle.png":{"textureFrame":[431,217,64,64],"pivot":[32,32],"sourceSize":[64,64],"sourceOffset":[0,0]},"cmn_square.png":{"textureFrame":[431,283,64,64],"pivot":[32,32],"sourceSize":[64,64],"sourceOffset":[0,0]},"curor_thumbnail_1.png":{"textureFrame":[145,881,12,8],"pivot":[6,4],"sourceSize":[12,8],"sourceOffset":[0,0]},"curor_thumbnail_2.png":{"textureFrame":[159,881,12,8],"pivot":[6,4],"sourceSize":[12,8],"sourceOffset":[0,0]},"curor_thumbnail_3.png":{"textureFrame":[173,881,12,8],"pivot":[6,4],"sourceSize":[12,8],"sourceOffset":[0,0]},"cursor_1.png":{"textureFrame":[69,847,32,32],"pivot":[16,16],"sourceSize":[32,32],"sourceOffset":[0,0]},"cursor_3.png":{"textureFrame":[69,945,32,32],"pivot":[16,16],"sourceSize":[32,32],"sourceOffset":[0,0]},"cursor_7.png":{"textureFrame":[88,895,32,32],"pivot":[16,16],"sourceSize":[32,32],"sourceOffset":[0,0]},"cursor_9.png":{"textureFrame":[103,847,32,32],"pivot":[16,16],"sourceSize":[32,32],"sourceOffset":[0,0]},"cursor_game_1.png":{"textureFrame":[103,941,32,32],"pivot":[16,16],"sourceSize":[32,32],"sourceOffset":[0,0]},"cursor_game_2.png":{"textureFrame":[131,987,32,32],"pivot":[16,16],"sourceSize":[32,32],"sourceOffset":[0,0]},"cursor_game_3.png":{"textureFrame":[122,895,32,32],"pivot":[16,16],"sourceSize":[32,32],"sourceOffset":[0,0]},"cursor_game_4.png":{"textureFrame":[137,941,32,32],"pivot":[16,16],"sourceSize":[32,32],"sourceOffset":[0,0]},"cursor_game_5.png":{"textureFrame":[156,895,32,32],"pivot":[16,16],"sourceSize":[32,32],"sourceOffset":[0,0]},"cursor_game_6.png":{"textureFrame":[171,941,32,32],"pivot":[16,16],"sourceSize":[32,32],"sourceOffset":[0,0]},"cursor_game_7.png":{"textureFrame":[190,895,32,32],"pivot":[16,16],"sourceSize":[32,32],"sourceOffset":[0,0]},"cursor_game_8.png":{"textureFrame":[137,847,32,32],"pivot":[16,16],"sourceSize":[32,32],"sourceOffset":[0,0]},"cursor_game_9.png":{"textureFrame":[145,809,32,32],"pivot":[16,16],"sourceSize":[32,32],"sourceOffset":[0,0]},"cursor_option.png":{"textureFrame":[503,431,8,8],"pivot":[4,4],"sourceSize":[8,8],"sourceOffset":[0,0]},"dialog_corner.png":{"textureFrame":[417,339,12,12],"pivot":[6,6],"sourceSize":[12,12],"sourceOffset":[0,0]},"dialog_corner_slim.png":{"textureFrame":[395,547,12,12],"pivot":[6,6],"sourceSize":[12,12],"sourceOffset":[0,0]},"dialog_line.png":{"textureFrame":[399,491,8,4],"pivot":[4,2],"sourceSize":[8,4],"sourceOffset":[0,0]},"dialog_line_slim.png":{"textureFrame":[399,497,8,4],"pivot":[4,2],"sourceSize":[8,4],"sourceOffset":[0,0]},"dot_cursor_h_1.png":{"textureFrame":[503,441,8,8],"pivot":[4,4],"sourceSize":[8,8],"sourceOffset":[0,0]},"dot_cursor_h_2.png":{"textureFrame":[503,451,8,8],"pivot":[4,4],"sourceSize":[8,8],"sourceOffset":[0,0]},"dot_cursor_h_3.png":{"textureFrame":[503,461,8,8],"pivot":[4,4],"sourceSize":[8,8],"sourceOffset":[0,0]},"dot_cursor_v_1.png":{"textureFrame":[182,929,16,8],"pivot":[8,4],"sourceSize":[16,8],"sourceOffset":[0,0]},"dot_cursor_v_2.png":{"textureFrame":[200,929,16,8],"pivot":[8,4],"sourceSize":[16,8],"sourceOffset":[0,0]},"dot_cursor_v_3.png":{"textureFrame":[127,881,16,8],"pivot":[8,4],"sourceSize":[16,8],"sourceOffset":[0,0]},"game_card.png":{"textureFrame":[417,379,84,92],"pivot":[42,46],"sourceSize":[84,92],"sourceOffset":[0,0]},"game_card_active.png":{"textureFrame":[409,473,84,92],"pivot":[42,46],"sourceSize":[84,92],"sourceOffset":[0,0]},"game_card_lock.png":{"textureFrame":[1,349,264,288],"pivot":[132,144],"sourceSize":[264,288],"sourceOffset":[0,0]},"icon_1P-2P.png":{"textureFrame":[489,645,22,14],"pivot":[11,7],"sourceSize":[22,14],"sourceOffset":[0,0]},"icon_1P.png":{"textureFrame":[489,661,22,14],"pivot":[11,7],"sourceSize":[22,14],"sourceOffset":[0,0]},"icon_2P_simultaneous.png":{"textureFrame":[489,677,22,14],"pivot":[11,7],"sourceSize":[22,14],"sourceOffset":[0,0]},"icon_A_light.png":{"textureFrame":[1,881,12,12],"pivot":[6,6],"sourceSize":[12,12],"sourceOffset":[0,0]},"icon_A_resume.png":{"textureFrame":[129,975,10,10],"pivot":[5,5],"sourceSize":[10,10],"sourceOffset":[0,0]},"icon_B_light.png":{"textureFrame":[15,881,12,12],"pivot":[6,6],"sourceSize":[12,12],"sourceOffset":[0,0]},"icon_B_resume.png":{"textureFrame":[122,929,10,10],"pivot":[5,5],"sourceSize":[10,10],"sourceOffset":[0,0]},"icon_casette.png":{"textureFrame":[489,693,20,20],"pivot":[10,10],"sourceSize":[20,20],"sourceOffset":[0,0]},"icon_casette_hvc.png":{"textureFrame":[489,715,20,20],"pivot":[10,10],"sourceSize":[20,20],"sourceOffset":[0,0]},"icon_casette_nes.png":{"textureFrame":[73,825,20,20],"pivot":[10,10],"sourceSize":[20,20],"sourceOffset":[0,0]},"icon_direction_down_light.png":{"textureFrame":[57,881,12,12],"pivot":[6,6],"sourceSize":[12,12],"sourceOffset":[0,0]},"icon_direction_down_resume.png":{"textureFrame":[158,929,10,10],"pivot":[5,5],"sourceSize":[10,10],"sourceOffset":[0,0]},"icon_direction_lateral_light.png":{"textureFrame":[71,881,12,12],"pivot":[6,6],"sourceSize":[12,12],"sourceOffset":[0,0]},"icon_direction_lateral_resume.png":{"textureFrame":[170,929,10,10],"pivot":[5,5],"sourceSize":[10,10],"sourceOffset":[0,0]},"Icon_direction_Lengthwise_light.png":{"textureFrame":[487,185,12,12],"pivot":[6,6],"sourceSize":[12,12],"sourceOffset":[0,0]},"Icon_direction_Lengthwise_resume.png":{"textureFrame":[501,185,10,10],"pivot":[5,5],"sourceSize":[10,10],"sourceOffset":[0,0]},"Icon_direction_light.png":{"textureFrame":[417,325,12,12],"pivot":[6,6],"sourceSize":[12,12],"sourceOffset":[0,0]},"Icon_direction_resume.png":{"textureFrame":[117,975,10,10],"pivot":[5,5],"sourceSize":[10,10],"sourceOffset":[0,0]},"icon_direction_up_light.png":{"textureFrame":[85,881,12,12],"pivot":[6,6],"sourceSize":[12,12],"sourceOffset":[0,0]},"icon_direction_up_resume.png":{"textureFrame":[141,975,10,10],"pivot":[5,5],"sourceSize":[10,10],"sourceOffset":[0,0]},"icon_disk.png":{"textureFrame":[95,825,20,20],"pivot":[10,10],"sourceSize":[20,20],"sourceOffset":[0,0]},"icon_exclamation.png":{"textureFrame":[224,895,24,24],"pivot":[12,12],"sourceSize":[24,24],"sourceOffset":[0,0]},"icon_lock.png":{"textureFrame":[497,261,14,18],"pivot":[7,9],"sourceSize":[14,18],"sourceOffset":[0,0]},"icon_numer_1.png":{"textureFrame":[69,979,14,14],"pivot":[7,7],"sourceSize":[14,14],"sourceOffset":[0,0]},"icon_numer_2.png":{"textureFrame":[85,979,14,14],"pivot":[7,7],"sourceSize":[14,14],"sourceOffset":[0,0]},"icon_numer_3.png":{"textureFrame":[101,979,14,14],"pivot":[7,7],"sourceSize":[14,14],"sourceOffset":[0,0]},"icon_numer_4.png":{"textureFrame":[129,809,14,14],"pivot":[7,7],"sourceSize":[14,14],"sourceOffset":[0,0]},"icon_present.png":{"textureFrame":[117,825,20,20],"pivot":[10,10],"sourceSize":[20,20],"sourceOffset":[0,0]},"icon_Resume.png":{"textureFrame":[105,995,24,24],"pivot":[12,12],"sourceSize":[24,24],"sourceOffset":[0,0]},"icon_resume_btn_B.png":{"textureFrame":[1,829,16,16],"pivot":[8,8],"sourceSize":[16,16],"sourceOffset":[0,0]},"icon_resume_direction_down.png":{"textureFrame":[489,573,22,22],"pivot":[11,11],"sourceSize":[22,22],"sourceOffset":[0,0]},"icon_resume_direction_down_2.png":{"textureFrame":[489,597,22,22],"pivot":[11,11],"sourceSize":[22,22],"sourceOffset":[0,0]},"icon_resume_direction_up.png":{"textureFrame":[489,621,22,22],"pivot":[11,11],"sourceSize":[22,22],"sourceOffset":[0,0]},"icon_Resume_lock.png":{"textureFrame":[505,27,6,6],"pivot":[3,3],"sourceSize":[6,6],"sourceOffset":[0,0]},"icon_Resume_lock_active.png":{"textureFrame":[505,35,6,6],"pivot":[3,3],"sourceSize":[6,6],"sourceOffset":[0,0]},"icon_Resume_off.png":{"textureFrame":[505,43,6,6],"pivot":[3,3],"sourceSize":[6,6],"sourceOffset":[0,0]},"icon_Resume_off_active.png":{"textureFrame":[505,51,6,6],"pivot":[3,3],"sourceSize":[6,6],"sourceOffset":[0,0]},"icon_Resume_on.png":{"textureFrame":[505,59,6,6],"pivot":[3,3],"sourceSize":[6,6],"sourceOffset":[0,0]},"icon_Resume_on_active.png":{"textureFrame":[505,67,6,6],"pivot":[3,3],"sourceSize":[6,6],"sourceOffset":[0,0]},"icon_resume_wing.png":{"textureFrame":[335,547,26,18],"pivot":[13,9],"sourceSize":[26,18],"sourceOffset":[0,0]},"Icon_Save.png":{"textureFrame":[89,809,18,14],"pivot":[9,7],"sourceSize":[18,14],"sourceOffset":[0,0]},"Icon_Save_Popup.png":{"textureFrame":[109,809,18,14],"pivot":[9,7],"sourceSize":[18,14],"sourceOffset":[0,0]},"Icon_Save_Warning.png":{"textureFrame":[497,333,14,14],"pivot":[7,7],"sourceSize":[14,14],"sourceOffset":[0,0]},"icon_select_light.png":{"textureFrame":[88,929,32,10],"pivot":[16,5],"sourceSize":[32,10],"sourceOffset":[0,0]},"icon_select_resume.png":{"textureFrame":[481,773,30,8],"pivot":[15,4],"sourceSize":[30,8],"sourceOffset":[0,0]},"Icon_SRAM_off.png":{"textureFrame":[497,301,14,14],"pivot":[7,7],"sourceSize":[14,14],"sourceOffset":[0,0]},"Icon_SRAM_on.png":{"textureFrame":[497,317,14,14],"pivot":[7,7],"sourceSize":[14,14],"sourceOffset":[0,0]},"icon_start_light.png":{"textureFrame":[481,783,28,10],"pivot":[14,5],"sourceSize":[28,10],"sourceOffset":[0,0]},"icon_start_resume.png":{"textureFrame":[153,975,26,8],"pivot":[13,4],"sourceSize":[26,8],"sourceOffset":[0,0]},"icon_trash_0.png":{"textureFrame":[469,795,32,48],"pivot":[16,24],"sourceSize":[32,48],"sourceOffset":[0,0]},"icon_trash_1.png":{"textureFrame":[469,845,32,48],"pivot":[16,24],"sourceSize":[32,48],"sourceOffset":[0,0]},"icon_trash_2.png":{"textureFrame":[1,948,32,48],"pivot":[16,24],"sourceSize":[32,48],"sourceOffset":[0,0]},"icon_trash_3.png":{"textureFrame":[35,948,32,48],"pivot":[16,24],"sourceSize":[32,48],"sourceOffset":[0,0]},"icon_trash_4.png":{"textureFrame":[54,895,32,48],"pivot":[16,24],"sourceSize":[32,48],"sourceOffset":[0,0]},"icon_unlock.png":{"textureFrame":[497,281,14,18],"pivot":[7,9],"sourceSize":[14,18],"sourceOffset":[0,0]},"icon_X_light.png":{"textureFrame":[29,881,12,12],"pivot":[6,6],"sourceSize":[12,12],"sourceOffset":[0,0]},"icon_X_resume.png":{"textureFrame":[134,929,10,10],"pivot":[5,5],"sourceSize":[10,10],"sourceOffset":[0,0]},"icon_Y_light.png":{"textureFrame":[43,881,12,12],"pivot":[6,6],"sourceSize":[12,12],"sourceOffset":[0,0]},"icon_Y_resume.png":{"textureFrame":[146,929,10,10],"pivot":[5,5],"sourceSize":[10,10],"sourceOffset":[0,0]},"manual.png":{"textureFrame":[239,847,24,24],"pivot":[12,12],"sourceSize":[24,24],"sourceOffset":[0,0]},"menubar_L.png":{"textureFrame":[1,1,432,40],"pivot":[216,20],"sourceSize":[432,40],"sourceOffset":[0,0]},"menubar_U.png":{"textureFrame":[1,43,432,40],"pivot":[216,20],"sourceSize":[432,40],"sourceOffset":[0,0]},"menubar_U_2.png":{"textureFrame":[503,379,8,40],"pivot":[4,20],"sourceSize":[8,40],"sourceOffset":[0,0]},"meter_gauge.png":{"textureFrame":[267,417,142,24],"pivot":[71,12],"sourceSize":[142,24],"sourceOffset":[0,0]},"meter_gauge_edge.png":{"textureFrame":[505,99,1,22],"pivot":[0.5,11],"sourceSize":[1,22],"sourceOffset":[0,0]},"munubar_base.png":{"textureFrame":[171,847,32,32],"pivot":[16,16],"sourceSize":[32,32],"sourceOffset":[0,0]},"popup_present.png":{"textureFrame":[267,443,140,36],"pivot":[70,18],"sourceSize":[140,36],"sourceOffset":[0,0]},"popup_warning.png":{"textureFrame":[195,771,150,36],"pivot":[75,18],"sourceSize":[150,36],"sourceOffset":[0,0]},"qr_code1.png":{"textureFrame":[1,895,51,51],"pivot":[25.5,25.5],"sourceSize":[51,51],"sourceOffset":[0,0]},"radiobtn_off.png":{"textureFrame":[99,881,12,12],"pivot":[6,6],"sourceSize":[12,12],"sourceOffset":[0,0]},"radiobtn_on.png":{"textureFrame":[113,881,12,12],"pivot":[6,6],"sourceSize":[12,12],"sourceOffset":[0,0]},"registration_frame.png":{"textureFrame":[435,1,74,24],"pivot":[37,12],"sourceSize":[74,24],"sourceOffset":[0,0]},"resume_card.png":{"textureFrame":[415,737,64,56],"pivot":[32,28],"sourceSize":[64,56],"sourceOffset":[0,0]},"resume_card_active.png":{"textureFrame":[347,771,64,56],"pivot":[32,28],"sourceSize":[64,56],"sourceOffset":[0,0]},"resume_card_active_home.png":{"textureFrame":[435,151,50,46],"pivot":[25,23],"sourceSize":[50,46],"sourceOffset":[0,0]},"resume_card_empty.png":{"textureFrame":[435,27,68,60],"pivot":[34,30],"sourceSize":[68,60],"sourceOffset":[0,0]},"resume_card_float.png":{"textureFrame":[435,89,68,60],"pivot":[34,30],"sourceSize":[68,60],"sourceOffset":[0,0]},"resume_card_float_home.png":{"textureFrame":[413,795,54,50],"pivot":[27,25],"sourceSize":[54,50],"sourceOffset":[0,0]},"resume_card_float_mini.png":{"textureFrame":[309,349,38,36],"pivot":[19,18],"sourceSize":[38,36],"sourceOffset":[0,0]},"resume_wingL_1.png":{"textureFrame":[487,151,24,32],"pivot":[12,16],"sourceSize":[24,32],"sourceOffset":[0,0]},"resume_wingL_2.png":{"textureFrame":[205,939,24,32],"pivot":[12,16],"sourceSize":[24,32],"sourceOffset":[0,0]},"resume_wingM_1.png":{"textureFrame":[495,529,16,20],"pivot":[8,10],"sourceSize":[16,20],"sourceOffset":[0,0]},"resume_wingM_2.png":{"textureFrame":[495,551,16,20],"pivot":[8,10],"sourceSize":[16,20],"sourceOffset":[0,0]},"resume_wingS_1.png":{"textureFrame":[43,809,10,16],"pivot":[5,8],"sourceSize":[10,16],"sourceOffset":[0,0]},"resume_wingS_2.png":{"textureFrame":[55,809,10,16],"pivot":[5,8],"sourceSize":[10,16],"sourceOffset":[0,0]},"resumebg.png":{"textureFrame":[1,85,428,118],"pivot":[214,59],"sourceSize":[428,118],"sourceOffset":[0,0]},"resumebg_overwrite.png":{"textureFrame":[1,205,428,118],"pivot":[214,59],"sourceSize":[428,118],"sourceOffset":[0,0]},"resumebg_tail.png":{"textureFrame":[267,547,32,18],"pivot":[16,9],"sourceSize":[32,18],"sourceOffset":[0,0]},"resumebg_tail_overwrite.png":{"textureFrame":[301,547,32,18],"pivot":[16,9],"sourceSize":[32,18],"sourceOffset":[0,0]},"screen_analog_preview.png":{"textureFrame":[267,567,220,168],"pivot":[110,84],"sourceSize":[220,168],"sourceOffset":[0,0]},"screen_pixel_perfect_preview.png":{"textureFrame":[1,639,192,168],"pivot":[96,84],"sourceSize":[192,168],"sourceOffset":[0,0]},"scrollbar_allowdown_off.png":{"textureFrame":[19,829,16,16],"pivot":[8,8],"sourceSize":[16,16],"sourceOffset":[0,0]},"scrollbar_allowdown_on.png":{"textureFrame":[37,829,16,16],"pivot":[8,8],"sourceSize":[16,16],"sourceOffset":[0,0]},"scrollbar_allowup_off.png":{"textureFrame":[55,829,16,16],"pivot":[8,8],"sourceSize":[16,16],"sourceOffset":[0,0]},"scrollbar_allowup_on.png":{"textureFrame":[1,809,16,16],"pivot":[8,8],"sourceSize":[16,16],"sourceOffset":[0,0]},"scrollbar_Area.png":{"textureFrame":[431,85,2,112],"pivot":[1,56],"sourceSize":[2,112],"sourceOffset":[0,0]},"scrollbar_full.png":{"textureFrame":[247,809,10,24],"pivot":[5,12],"sourceSize":[10,24],"sourceOffset":[0,0]},"smoke_32_1.png":{"textureFrame":[179,809,32,32],"pivot":[16,16],"sourceSize":[32,32],"sourceOffset":[0,0]},"smoke_32_2.png":{"textureFrame":[165,985,32,32],"pivot":[16,16],"sourceSize":[32,32],"sourceOffset":[0,0]},"smoke_32_3.png":{"textureFrame":[205,847,32,32],"pivot":[16,16],"sourceSize":[32,32],"sourceOffset":[0,0]},"smoke_32_4.png":{"textureFrame":[213,809,32,32],"pivot":[16,16],"sourceSize":[32,32],"sourceOffset":[0,0]},"smoke_32_5.png":{"textureFrame":[199,975,32,32],"pivot":[16,16],"sourceSize":[32,32],"sourceOffset":[0,0]},"smoke_64_1.png":{"textureFrame":[351,325,64,64],"pivot":[32,32],"sourceSize":[64,64],"sourceOffset":[0,0]},"smoke_64_2.png":{"textureFrame":[267,481,64,64],"pivot":[32,32],"sourceSize":[64,64],"sourceOffset":[0,0]},"smoke_64_3.png":{"textureFrame":[333,481,64,64],"pivot":[32,32],"sourceSize":[64,64],"sourceOffset":[0,0]},"smoke_64_4.png":{"textureFrame":[195,639,64,64],"pivot":[32,32],"sourceSize":[64,64],"sourceOffset":[0,0]},"smoke_64_5.png":{"textureFrame":[195,705,64,64],"pivot":[32,32],"sourceSize":[64,64],"sourceOffset":[0,0]},"switch_disable.png":{"textureFrame":[363,547,30,16],"pivot":[15,8],"sourceSize":[30,16],"sourceOffset":[0,0]},"switch_off.png":{"textureFrame":[481,737,30,16],"pivot":[15,8],"sourceSize":[30,16],"sourceOffset":[0,0]},"switch_on.png":{"textureFrame":[481,755,30,16],"pivot":[15,8],"sourceSize":[30,16],"sourceOffset":[0,0]},"tab_copyright_off.png":{"textureFrame":[399,481,8,8],"pivot":[4,4],"sourceSize":[8,8],"sourceOffset":[0,0]},"tab_OSS_off.png":{"textureFrame":[503,471,8,8],"pivot":[4,4],"sourceSize":[8,8],"sourceOffset":[0,0]},"thumbnail_lock.png":{"textureFrame":[267,349,40,40],"pivot":[20,40],"sourceSize":[40,40],"sourceOffset":[0,0]}}}