{"exportTime":"Mon, 22 May 2017 12:46:55 GMT","buildName":"template","engineFormat":9,"defaultScene":"7dc4f818-092d-4ce7-94e2-a0bc12203e55","luaScripts":["/animation/blink.lua","/animation/fuwafuwa.lua","/animation/lr_arrow.lua","/animation/slide_in.lua","/animation/slide_out_down.lua","/animation/slide_out_up.lua","/animation/tweenanimator.lua","/scripts/app/clover_autocancel.lua","/scripts/app/clover_bg.lua","/scripts/app/clover_character.lua","/scripts/app/clover_const.lua","/scripts/app/clover_demo.lua","/scripts/app/clover_dialog.lua","/scripts/app/clover_elements.lua","/scripts/app/clover_event.lua","/scripts/app/clover_layout.lua","/scripts/app/clover_nodeanim.lua","/scripts/app/clover_pad.lua","/scripts/app/clover_scene.lua","/scripts/app/clover_task.lua","/scripts/app/clover_transition.lua","/scripts/app/clover_util.lua","/scripts/core/core.lua","/scripts/core/math.lua","/scripts/core/pool.lua","/scripts/core/table.lua","/scripts/core/vector2d.lua","/scripts/cursormanager.lua","/scripts/data_gamelist.lua","/scripts/dbg_menu_final.lua","/scripts/decorativeframes.lua","/scripts/dot_number.lua","/scripts/effect_smoke.lua","/scripts/env/colors_eur.lua","/scripts/env/colors_jpn.lua","/scripts/env/colors_usa.lua","/scripts/env/env_common.lua","/scripts/env/env_eur.lua","/scripts/gui/gui.lua","/scripts/gui/gui_button.lua","/scripts/gui/gui_check.lua","/scripts/gui/gui_element.lua","/scripts/gui/gui_gridlayout.lua","/scripts/gui/gui_hlayout.lua","/scripts/gui/gui_inputs.lua","/scripts/gui/gui_layout.lua","/scripts/gui/gui_list.lua","/scripts/gui/gui_popup.lua","/scripts/gui/gui_radiogroup.lua","/scripts/gui/gui_scroll.lua","/scripts/gui/gui_slider.lua","/scripts/gui/gui_vlayout.lua","/scripts/gui_container.lua","/scripts/gui_custom.lua","/scripts/helper_index.lua","/scripts/helper_nodes.lua","/scripts/helper_table.lua","/scripts/helper_tween.lua","/scripts/helpers/httphelper.lua","/scripts/helpers/savehelper.lua","/scripts/lbl_component.lua","/scripts/main.lua","/scripts/manual_lbl_component.lua","/scripts/mcp_commands.lua","/scripts/node/node_bg.lua","/scripts/platform.lua","/scripts/position_changer.lua","/scripts/position_changer_node.lua","/scripts/savecontenthelper.lua","/scripts/snd_component.lua","/scripts/store.lua","/scripts/store_myplay_data.lua","/scripts/suspentionpoints.lua","/scripts/sys_boot.lua","/scripts/sys_button.lua","/scripts/sys_button_longpress.lua","/scripts/sys_copyright.lua","/scripts/sys_copyright_text.lua","/scripts/sys_cursor.lua","/scripts/sys_dialog.lua","/scripts/sys_fade.lua","/scripts/sys_game_card.lua","/scripts/sys_game_card_show.lua","/scripts/sys_gametitlelist.lua","/scripts/sys_home_floating_cards.lua","/scripts/sys_homemenu.lua","/scripts/sys_homemenu_sortorder.lua","/scripts/sys_hud.lua","/scripts/sys_manual.lua","/scripts/sys_menubar_cm.lua","/scripts/sys_menubaru.lua","/scripts/sys_option.lua","/scripts/sys_option_display.lua","/scripts/sys_option_item.lua","/scripts/sys_option_languages.lua","/scripts/sys_option_setting.lua","/scripts/sys_option_setting_item.lua","/scripts/sys_popup_unlock.lua","/scripts/sys_popup_warning.lua","/scripts/sys_resume_card.lua","/scripts/sys_resume_changemode.lua","/scripts/sys_resume_emptymode.lua","/scripts/sys_resume_float_wing.lua","/scripts/sys_resume_floating_card.lua","/scripts/sys_resume_lockmode.lua","/scripts/sys_resumedatalist.lua","/scripts/sys_resumedummy.lua","/scripts/sys_resumemenu.lua","/scripts/sys_sram_icon.lua","/scripts/sys_thumbnail.lua","/scripts/sys_thumbnail_icon.lua","/scripts/system.lua","/scripts/test_program.lua","/scripts/tween/tween.lua","/scripts/tween/tween_animate_node.lua","/scripts/tween/tween_callback_node.lua","/scripts/tween/tween_coroutine_callback.lua","/scripts/tween/tween_coroutine_node.lua","/scripts/tween/tween_ease.lua","/scripts/tween/tween_loop_node.lua","/scripts/tween/tween_manager.lua","/scripts/tween/tween_parallel_node.lua","/scripts/tween/tween_sequence_node.lua","/scripts/tween/tween_wait_condition_node.lua"],"worldUnitsPerMeter":32,"gravity":[0,-9.8],"localizationRootPath":"strings","localizationStringFilePath":"strings.lng","localePathFormats":["<REGION>_<LANGUAGE>","jpn_ja","usa_en"]}