{"frames": [

{
	"filename": "arrow_L_off.png",
	"frame": {"x":1,"y":543,"w":96,"h":96},
	"rotated": false,
	"trimmed": false,
	"spriteSourceSize": {"x":0,"y":0,"w":96,"h":96},
	"sourceSize": {"w":96,"h":96},
	"pivot": {"x":0.5,"y":0.5}
},
{
	"filename": "arrow_L_on.png",
	"frame": {"x":1,"y":641,"w":102,"h":102},
	"rotated": false,
	"trimmed": false,
	"spriteSourceSize": {"x":0,"y":0,"w":102,"h":102},
	"sourceSize": {"w":102,"h":102},
	"pivot": {"x":0.5,"y":0.5}
},
{
	"filename": "arrow_R_off.png",
	"frame": {"x":1,"y":445,"w":96,"h":96},
	"rotated": false,
	"trimmed": false,
	"spriteSourceSize": {"x":0,"y":0,"w":96,"h":96},
	"sourceSize": {"w":96,"h":96},
	"pivot": {"x":0.5,"y":0.5}
},
{
	"filename": "arrow_R_on.png",
	"frame": {"x":1,"y":745,"w":102,"h":102},
	"rotated": false,
	"trimmed": false,
	"spriteSourceSize": {"x":0,"y":0,"w":102,"h":102},
	"sourceSize": {"w":102,"h":102},
	"pivot": {"x":0.5,"y":0.5}
},
{
	"filename": "count_01.png",
	"frame": {"x":1,"y":259,"w":48,"h":48},
	"rotated": false,
	"trimmed": false,
	"spriteSourceSize": {"x":0,"y":0,"w":48,"h":48},
	"sourceSize": {"w":48,"h":48},
	"pivot": {"x":0.5,"y":0.5}
},
{
	"filename": "count_02.png",
	"frame": {"x":1,"y":309,"w":48,"h":48},
	"rotated": false,
	"trimmed": false,
	"spriteSourceSize": {"x":0,"y":0,"w":48,"h":48},
	"sourceSize": {"w":48,"h":48},
	"pivot": {"x":0.5,"y":0.5}
},
{
	"filename": "count_03.png",
	"frame": {"x":51,"y":259,"w":48,"h":48},
	"rotated": false,
	"trimmed": false,
	"spriteSourceSize": {"x":0,"y":0,"w":48,"h":48},
	"sourceSize": {"w":48,"h":48},
	"pivot": {"x":0.5,"y":0.5}
},
{
	"filename": "count_bar.png",
	"frame": {"x":21,"y":9,"w":3,"h":12},
	"rotated": false,
	"trimmed": false,
	"spriteSourceSize": {"x":0,"y":0,"w":3,"h":12},
	"sourceSize": {"w":3,"h":12},
	"pivot": {"x":0,"y":0.5}
},
{
	"filename": "count_gauge.png",
	"frame": {"x":1,"y":29,"w":120,"h":24},
	"rotated": false,
	"trimmed": false,
	"spriteSourceSize": {"x":0,"y":0,"w":120,"h":24},
	"sourceSize": {"w":120,"h":24},
	"pivot": {"x":0.5,"y":0.5}
},
{
	"filename": "icon_B.png",
	"frame": {"x":1,"y":183,"w":36,"h":36},
	"rotated": false,
	"trimmed": false,
	"spriteSourceSize": {"x":0,"y":0,"w":36,"h":36},
	"sourceSize": {"w":36,"h":36},
	"pivot": {"x":0.5,"y":0.5}
},
{
	"filename": "icon_back.png",
	"frame": {"x":65,"y":119,"w":30,"h":30},
	"rotated": false,
	"trimmed": false,
	"spriteSourceSize": {"x":0,"y":0,"w":30,"h":30},
	"sourceSize": {"w":30,"h":30},
	"pivot": {"x":0.5,"y":0.5}
},
{
	"filename": "icon_colon.png",
	"frame": {"x":39,"y":9,"w":6,"h":18},
	"rotated": false,
	"trimmed": false,
	"spriteSourceSize": {"x":0,"y":0,"w":6,"h":18},
	"sourceSize": {"w":6,"h":18},
	"pivot": {"x":0.5,"y":0.5}
},
{
	"filename": "icon_gameStart.png",
	"frame": {"x":33,"y":119,"w":30,"h":30},
	"rotated": false,
	"trimmed": false,
	"spriteSourceSize": {"x":0,"y":0,"w":30,"h":30},
	"sourceSize": {"w":30,"h":30},
	"pivot": {"x":0.5,"y":0.5}
},
{
	"filename": "icon_L.png",
	"frame": {"x":39,"y":183,"w":72,"h":36},
	"rotated": false,
	"trimmed": false,
	"spriteSourceSize": {"x":0,"y":0,"w":72,"h":36},
	"sourceSize": {"w":72,"h":36},
	"pivot": {"x":0.5,"y":0.5}
},
{
	"filename": "icon_play.png",
	"frame": {"x":1,"y":151,"w":30,"h":30},
	"rotated": false,
	"trimmed": false,
	"spriteSourceSize": {"x":0,"y":0,"w":30,"h":30},
	"sourceSize": {"w":30,"h":30},
	"pivot": {"x":0.5,"y":0.5}
},
{
	"filename": "icon_R.png",
	"frame": {"x":39,"y":221,"w":72,"h":36},
	"rotated": false,
	"trimmed": false,
	"spriteSourceSize": {"x":0,"y":0,"w":72,"h":36},
	"sourceSize": {"w":72,"h":36},
	"pivot": {"x":0.5,"y":0.5}
},
{
	"filename": "icon_start .png",
	"frame": {"x":33,"y":151,"w":84,"h":30},
	"rotated": false,
	"trimmed": false,
	"spriteSourceSize": {"x":0,"y":0,"w":84,"h":30},
	"sourceSize": {"w":84,"h":30},
	"pivot": {"x":0.5,"y":0.5}
},
{
	"filename": "icon_stop.png",
	"frame": {"x":1,"y":119,"w":30,"h":30},
	"rotated": false,
	"trimmed": false,
	"spriteSourceSize": {"x":0,"y":0,"w":30,"h":30},
	"sourceSize": {"w":30,"h":30},
	"pivot": {"x":0.5,"y":0.5}
},
{
	"filename": "icon_Y.png",
	"frame": {"x":1,"y":221,"w":36,"h":36},
	"rotated": false,
	"trimmed": false,
	"spriteSourceSize": {"x":0,"y":0,"w":36,"h":36},
	"sourceSize": {"w":36,"h":36},
	"pivot": {"x":0.5,"y":0.5}
},
{
	"filename": "num_0.png",
	"frame": {"x":37,"y":87,"w":18,"h":30},
	"rotated": false,
	"trimmed": false,
	"spriteSourceSize": {"x":0,"y":0,"w":18,"h":30},
	"sourceSize": {"w":18,"h":30},
	"pivot": {"x":0.5,"y":0.5}
},
{
	"filename": "num_1.png",
	"frame": {"x":61,"y":55,"w":18,"h":30},
	"rotated": false,
	"trimmed": false,
	"spriteSourceSize": {"x":0,"y":0,"w":18,"h":30},
	"sourceSize": {"w":18,"h":30},
	"pivot": {"x":0.5,"y":0.5}
},
{
	"filename": "num_2.png",
	"frame": {"x":41,"y":55,"w":18,"h":30},
	"rotated": false,
	"trimmed": false,
	"spriteSourceSize": {"x":0,"y":0,"w":18,"h":30},
	"sourceSize": {"w":18,"h":30},
	"pivot": {"x":0.5,"y":0.5}
},
{
	"filename": "num_3.png",
	"frame": {"x":21,"y":55,"w":18,"h":30},
	"rotated": false,
	"trimmed": false,
	"spriteSourceSize": {"x":0,"y":0,"w":18,"h":30},
	"sourceSize": {"w":18,"h":30},
	"pivot": {"x":0.5,"y":0.5}
},
{
	"filename": "num_4.png",
	"frame": {"x":1,"y":55,"w":18,"h":30},
	"rotated": false,
	"trimmed": false,
	"spriteSourceSize": {"x":0,"y":0,"w":18,"h":30},
	"sourceSize": {"w":18,"h":30},
	"pivot": {"x":0.5,"y":0.5}
},
{
	"filename": "num_5.png",
	"frame": {"x":81,"y":55,"w":18,"h":30},
	"rotated": false,
	"trimmed": false,
	"spriteSourceSize": {"x":0,"y":0,"w":18,"h":30},
	"sourceSize": {"w":18,"h":30},
	"pivot": {"x":0.5,"y":0.5}
},
{
	"filename": "num_6.png",
	"frame": {"x":9,"y":87,"w":18,"h":30},
	"rotated": false,
	"trimmed": false,
	"spriteSourceSize": {"x":0,"y":0,"w":18,"h":30},
	"sourceSize": {"w":18,"h":30},
	"pivot": {"x":0.5,"y":0.5}
},
{
	"filename": "num_7.png",
	"frame": {"x":57,"y":87,"w":18,"h":30},
	"rotated": false,
	"trimmed": false,
	"spriteSourceSize": {"x":0,"y":0,"w":18,"h":30},
	"sourceSize": {"w":18,"h":30},
	"pivot": {"x":0.5,"y":0.5}
},
{
	"filename": "num_8.png",
	"frame": {"x":101,"y":55,"w":18,"h":30},
	"rotated": false,
	"trimmed": false,
	"spriteSourceSize": {"x":0,"y":0,"w":18,"h":30},
	"sourceSize": {"w":18,"h":30},
	"pivot": {"x":0.5,"y":0.5}
},
{
	"filename": "num_9.png",
	"frame": {"x":77,"y":87,"w":18,"h":30},
	"rotated": false,
	"trimmed": false,
	"spriteSourceSize": {"x":0,"y":0,"w":18,"h":30},
	"sourceSize": {"w":18,"h":30},
	"pivot": {"x":0.5,"y":0.5}
},
{
	"filename": "num_colon.png",
	"frame": {"x":29,"y":87,"w":6,"h":30},
	"rotated": false,
	"trimmed": false,
	"spriteSourceSize": {"x":0,"y":0,"w":6,"h":30},
	"sourceSize": {"w":6,"h":30},
	"pivot": {"x":0.5,"y":0.5}
},
{
	"filename": "num_dot.png",
	"frame": {"x":1,"y":87,"w":6,"h":30},
	"rotated": false,
	"trimmed": false,
	"spriteSourceSize": {"x":0,"y":0,"w":6,"h":30},
	"sourceSize": {"w":6,"h":30},
	"pivot": {"x":0.5,"y":0.5}
},
{
	"filename": "round_bar.png",
	"frame": {"x":1,"y":377,"w":66,"h":66},
	"rotated": false,
	"trimmed": false,
	"spriteSourceSize": {"x":0,"y":0,"w":66,"h":66},
	"sourceSize": {"w":66,"h":66},
	"pivot": {"x":0,"y":0}
},
{
	"filename": "round_black.png",
	"frame": {"x":51,"y":309,"w":66,"h":66},
	"rotated": false,
	"trimmed": false,
	"spriteSourceSize": {"x":0,"y":0,"w":66,"h":66},
	"sourceSize": {"w":66,"h":66},
	"pivot": {"x":0,"y":1}
},
{
	"filename": "seekbar.png",
	"frame": {"x":1,"y":1,"w":114,"h":6},
	"rotated": false,
	"trimmed": false,
	"spriteSourceSize": {"x":0,"y":0,"w":114,"h":6},
	"sourceSize": {"w":114,"h":6},
	"pivot": {"x":0.5,"y":0.5}
},
{
	"filename": "seekbar_arrow.png",
	"frame": {"x":1,"y":9,"w":18,"h":12},
	"rotated": false,
	"trimmed": false,
	"spriteSourceSize": {"x":0,"y":0,"w":18,"h":12},
	"sourceSize": {"w":18,"h":12},
	"pivot": {"x":0.5,"y":0.5}
},
{
	"filename": "seekbar_chapter.png",
	"frame": {"x":26,"y":9,"w":6,"h":12},
	"rotated": false,
	"trimmed": false,
	"spriteSourceSize": {"x":0,"y":0,"w":6,"h":12},
	"sourceSize": {"w":6,"h":12},
	"pivot": {"x":0.5,"y":0.5}
},
{
	"filename": "seekbar_played.png",
	"frame": {"x":34,"y":9,"w":3,"h":12},
	"rotated": false,
	"trimmed": false,
	"spriteSourceSize": {"x":0,"y":0,"w":3,"h":12},
	"sourceSize": {"w":3,"h":12},
	"pivot": {"x":0,"y":0.5}
}],
"meta": {
	"app": "http://www.codeandweb.com/texturepacker",
	"version": "1.0",
	"image": "ui.png",
	"format": "RGBA8888",
	"size": {"w":122,"h":848},
	"scale": "1",
	"smartupdate": "$TexturePacker:SmartUpdate:6ec8c31c753c44e3675580fafd78c18f:0e4738331b788314dd708a03f9bf2cd4:5b04aa198265472a3c5f56958d78e97b$"
}
}
